{
    "rmse": 0.7141268008115256,
    "mae": 0.5773123356726788,
    "r2": 0.19274692050803144
}